lemma	sense_id	gloss	example	source	identifier
cage	m_en_gbus0142870.005	"[""a structure of bars or wires in which birds or other animals are confined""]"	"[""cleaning out the gerbil's cage"", ""she kept a canary in a cage"", ""his cage of loneliness""]"	ODENOAD_300.xml	id_0
cage	m_en_gbus0142870.008	"[""a prison cell or camp""]"	"[""inside the cage, three handcuffed prisoners were fighting"", ""each cage had a commanding officer who acted on behalf of the prisoners""]"	ODENOAD_300.xml	id_1
cage	m_en_gbus0142870.009	"[""an open framework forming the compartment in a lift"", ""an open framework forming the compartment in an elevator""]"	"[""we passed the lift shafts, each with its rattling metal cage"", ""we passed the elevator shafts, each with its rattling metal cage""]"	ODENOAD_300.xml	id_2
cage	m_en_gbus0142870.010	"[""a structure of crossing bars or wires designed to hold or support something""]"	"[""the bottle slots into a light cage on the bike's frame""]"	ODENOAD_300.xml	id_3
cage	m_en_gbus0142870.011	"[""a portable backstop situated behind the batter during batting practice""]"	[]	ODENOAD_300.xml	id_4
cage	m_en_gbus0142870.012	"[""a soccer or hockey goal made from a network frame"", ""(in hockey and other games) a goal made from a network frame""]"	[]	ODENOAD_300.xml	id_5
cage	m_en_gbus0142870.013	"[""an indoor athletic facility with areas fenced off for security""]"	[]	ODENOAD_300.xml	id_6
cage	m_en_gbus0142870.015	"[""confine in a cage"", ""confine in or as in a cage""]"	"[""the parrot screamed, furious at being caged""]"	ODENOAD_300.xml	id_7
cage	m_en_gbus0142870.021	"[""put in prison""]"	"[""five more teenage louts were caged yesterday""]"	ODENOAD_300.xml	id_8
lobby	m_en_gbus0589620.006	"[""a room providing a space out of which one or more other rooms or corridors lead, typically one near the entrance of a public building""]"	"[""they went into the hotel lobby""]"	ODENOAD_300.xml	id_9
lobby	m_en_gbus0589620.010	"[""(in the UK) any of several large halls in the Houses of Parliament in which MPs may meet members of the public""]"	[]	ODENOAD_300.xml	id_10
lobby	m_en_gbus0589620.011	"[""(in the UK) each of two corridors in the Houses of Parliament to which MPs retire to vote""]"	[]	ODENOAD_300.xml	id_11
lobby	m_en_gbus0589620.015	"[""(in the UK) lobby correspondents collectively""]"	[]	ODENOAD_300.xml	id_12
lobby	m_en_gbus0589620.018	"[""a group of people seeking to influence legislators on a particular issue"", ""a group of people seeking to influence politicians or public officials on a particular issue""]"	"[""contact an anti-traffic lobby for advice and information"", ""lobby groups"", ""lobby groups""]"	ODENOAD_300.xml	id_13
lobby	m_en_gbus0589620.019	"[""an organized attempt by members of the public to influence legislators"", ""an organized attempt by members of the public to influence politicians or public officials""]"	"[""a recent lobby of Parliament by pensioners"", ""a recent lobby of Congress by retirees""]"	ODENOAD_300.xml	id_14
lobby	m_en_gbus0589620.021	"[""seek to influence (a legislator) on an issue"", ""seek to influence (a politician or public official) on an issue""]"	"[""they insist on their right to lobby Congress"", ""the organization was formed to lobby for student concerns"", ""there was intense lobbying of UN delegates by US officials"", ""it is recommending that booksellers lobby their representatives"", ""a group lobbying for better rail services""]"	ODENOAD_300.xml	id_15
tar	m_en_gbus1030990.005	"[""a dark, thick flammable liquid distilled from wood or coal, consisting of a mixture of hydrocarbons, resins, alcohols, and other compounds. It is used in road-making and for coating and preserving timber"", ""a dark, thick, flammable liquid distilled from wood or coal, consisting of a mixture of hydrocarbons, resins, alcohols, and other compounds. It is used in roadmaking and for coating and preserving timber""]"	[]	ODENOAD_1000.xml	id_16
tar	m_en_gbus1030990.007	"[""a substance resembling tar, formed by burning tobacco or other material"", ""a resinous substance formed by burning tobacco or other material""]"	"[""cigarettes contain tar and carbon monoxide"", ""high-tar cigarettes""]"	ODENOAD_1000.xml	id_17
tar	m_en_gbus1030990.011	"[""cover (something) with tar""]"	"[""now that it is being tarred, the road will facilitate safer transport""]"	ODENOAD_1000.xml	id_18
tar	m_en_gbus1030990.032	"[""blame or damage the reputation of (someone)""]"	"[""he is trying to stop his company from being tarred by association""]"	ODENOAD_1000.xml	id_19
tar	m_en_gbus1031000.005	"[""a sailor""]"	[]	ODENOAD_1000.xml	id_20
