identifier	sense_id	lemma	context	indexes_target_token	pos	date	grouping	description	indexes_target_sentence
at1	at_0	at	Shayan: In a league of her own ShayanKarim Waheed Her rise to recognition as a singer/lyricist/composer has been like a Paulo Coelho story. Clad in black, with a guitar and at times a harmonica, she contradicts all stereotypes. Her buzz cut might intimidate some but the disarming smile radiates with sincerity. For seven years, she desperately tried to release her debut album -- a compilation of songs that chronicled her growth as an individual and an artiste	173:175
at2	at_0	at	"they encompass a range of issues. I 'd say my song-writing process is cathartic. Through my songs, I vent, protest, speak of love, "" she adds. She may not possess the kalowati vocalists train a lifetime for, but her genuineness -- at times armed with razor-sharp wit and at others, poignant melancholy -- hits the bull's-eye and then some. Excerpt from the song "" Ekhanei Shukh Chhilo Ekdin "": Aaj ei thotey nei shei tripti"	231:233
at3	at_1	at	"Ekhanei shukh chhilo ekdin... "" I wrote this song when I was 16, "" says Shayan. "" At that particular point of my life, marriages and relationships meeting premature ends had an overwhelming impact on me. It's a very personal song and it's an urge to give love another shot. "" "" Du'chokh Diye-i Dekho "", also from her debut album"	82:84
at4	m_en_gbus0054460.009	at	"2007. In March 2008 the master record was ready. Meanwhile my friends formed a small music company called Gaan Poka Distributions. My debut album was released under the banner of Gaan Poka. "" There was no marketing involved initially. Someone from Ekushey TV was at the album launch and that resulted in me being invited to the show' Phone O Live' on September 12, 2008. That show was watched by many and"	263:265
at5	m_en_gbus0054460.018	at	cultivation in 2007. Local farmers however claim the figures would be much higher. They reason the DAE shows lower figures to shirk their responsibilities regarding tobacco cultivation and to continue the flow of subsidised fertiliser to the hill district. The government does not give fertiliser at subsidised rate for tobacco cultivation. The tobacco season begins in December, while the crop is harvested in March. Companies lure the farmers into tobacco farming by providing them inputs in money or in kind, and buying the produce at a fair price, local	297:299
at6	at_2	at	on it intentionally I didn't mention the health hazards around tobacco... Regards and happy new year. Abdul Alim Munshi: Abdul Alim Munshi Comments MosharrafSaturday, January 2, 2010 01:16 PM GMT+06:00 (313 weeks ago) It is not at all good sign for us where we don; t produce enough essential commodities but how funny we are going to bumper produce of addictive product like as tobacco? Govt. should take essential and Necessary preventive measurement activities. If we fail to do any stapes in	228:230
at7	m_en_gbus0054460.018	at	The treatment of the drug addicts is expensive and difficult. In Bangladesh the drug problem has become acute. Thousands of families in cities, towns and even rural areas are directly or indirectly affected by it. In the above circumstances, all concerned must create awareness at personal and family levels against the dangerous impact of drug addiction among the youth. Drug abuse affects the brain and body directly. While high, the drug affects the entire body, from blood pressure to heart rate. Stimulants like cocaine and methamphetamine? amp up	278:280
at8	m_en_gbus0054460.009	at	supply of gas to the district town through pipeline. People from all walks of life stopped their work and movement of vehicular traffic remained halted during the programme. Townspeople under the banner of' Gas Supply Movement Committee' blocked all roads and formed human chains at 15 points, including Kanaikhali bus stand, for 15 minutes from 11:00am. They demanded that the government install pipeline to supply gas to Natore and make an announcement in this regard. Sources said installation of pipeline from Sirajganj via Bonpara in Natore for supplying gas	280:282
at9	m_en_gbus0054460.009	at	Sehwag issues a warning Indian star Harbhajan Singh finds himself on the end of a traditional Bangladeshi welcome upon his arrival at the Zia International Airport yesterday. India arrived to take part in the tri-nation ODI series also involving Sri Lanka which gets underway January 4. Photo: STARBishwajit Roy A buoyant India cricket team arrived in Dhaka yesterday with a promise to start their campaign in the New	131:133
at10	m_en_gbus0054460.009	at	"or number two positions, "" added the Delhi batsman who so far played 72 Tests and 216 ODIs. Sehwag is well aware about the conditions in Bangladesh and said that the dew could be a major factor in the day-night affairs at the Sher-e-Bangla National Stadium in Mirpur. "" I think whenever you play in the subcontinent you will get the same kind of wicket. First up it's a good track to bat on and later on it gets slower and slower, and if there is dew"	219:221
at11	at_0	at	in last 24 years for Gajoldoba barrage and some dams built by India in the river's upper basin. In February and March, it comes down to less than 1,000 cubic feet per second, from 5,000 cubic feet per second in December and January. At times, it shrinks even further, say sources at the Water Development Board's hydrology department. For instance, they add, the amount of water dropped to 370 cusec (cubic foot per second) in February 2007. The water flow in the month	233:235
at12	m_en_gbus0054460.009	at	plummets to 400 or 370 cubic feet a second, it means little water passes through Gajoldoba barrage. This 400 cusec water is regenerated between Gajoldoba and Teesta barrage in Bangladesh,? said Dr Ainun Nishat, noted hydrologist. The Teesta, originating from Cholamo Lake at 5,330 metre above sea level in the Indian portion of the Himalayas, enters Bangladesh at Kaliganj village under Satnai union of Nilphamari district. It courses 45 kilometres through Rangpur, Lalmonirhat and Gaibandha before meeting the Brahmaputra in Kurigram. Md Shamsuddoha, executive engineer of	272:274
at13	m_en_gbus0054460.009	at	the dwindling flow of water renders Teesta barrage almost useless during the dry season. The barrage was built at Domar-Dimla point for Tk 1,500 crore in 1990 to help irrigation in six northern districts. India started the work of Gajoldoba barrage a few months after Bangladesh began constructing the Teesta barrage in 1983. The Indian barrage opened after two years, while Bangladesh's took seven	111:113
at14	at_2	at	300,000 hectares of land in Rangpur, Nilphamari, Gaibandha, Dinajpur, Bogra and Joypurhat districts during the dry season. For lack of water in the river, the work under phase-II could not yet be completed. Sources close to the Teesta Barrage project said at least 40,000 cusec water is needed to irrigate the entire cultivable land in winter. Without this, the project objectives are bound to fail. Locals and environmentalists of the northern districts, which were once dependent on the Teesta's water for irrigation, have long been	256:258
at15	m_en_gbus0054460.009	at	"All the plays included in this block explored the worlds of people forced to uproot and start a new life thousands of miles away, their loneliness and the sacrifices they have had to make. "" Sonata "" will be staged today, tomorrow and the day after at the British Council auditorium in Dhaka and is being co-produced by Tara Arts, the British Council and ITI, Bangladesh. Tara Arts was founded in 1977 as a response to"	249:251
at16	m_en_gbus0054460.009	at	"theatre has been based in South London. Its aim is to represent cross-cultural theatre and stages classical and modern plays. Tara embraces representation of different cultures in performance and visual arts. Mukul Ahmed was trained as a theatre director at London University in 2007. He closely follows the vision of Tara Arts' Artistic Director, Jatinder Verma, and works with modern plays as well as the classics. Mukul's direction of an adaptation of "" The Adventures of Baron Munchausen "" in 2007 earned him the"	255:257
at17	m_en_gbus0054460.009	at	Kuli Kha in the then Dinajpur district. The message of the play was the necessity of maintaining communal harmony. The cast included Probir Boshak, Probhat, Renu, Tulshi Rani, Jagadish Mohon, Satya Boshak and Mohon Lal Shaha. A discussion was held at the auditorium prior to the play. Deputy Commissioner of Thakurgaon and also President of District Shilpakala Academy, Munshi Shahabuddin Ahmed presided over the discussion. Superintendent of Police B.M Harun-ur-Rashid, Acting President of District Awami League advocate Mokbul Hossain Babu and General Secretary of District	248:250
at18	m_en_gbus0054460.009	at	Major rivers in Sylhet dying for siltation Victim of massive siltation, Surma River at Kazir Bazar near Sylhet town can hardly be recognised as a major water flow during this dry season. Photo: STARIqbal Siddiquee, Sylhet Major rivers and their tributaries in greater Sylhet region see gradual decrease in their flow due to massive siltation in absence of planned dredging	84:86
at19	m_en_gbus0054460.009	at	department at Shahjalal University of Science and Technology. In 2005, officials of Bangladesh and Indian state of Assam at several regional level meetings had agreed to implement a joint programme for dredging the Surma in Sylhet and the Barak in Assam to increase their flow. But the work	11:13
at20	m_en_gbus0054460.014	at	as the job, often done without any safety measures, make them absorb the toxic item in different ways including inhalation. The amount of pesticide received by a person varies from 0.15 to 0.25 gram (weighed in powder form) per hour, depending on weather at the time of spraying it in a crop field. The information came to light as Rural Development Academy (RDA) in Bogra conducted a five-year research programme in Amrul union under Shahjahanpur upazila of Bogra district in cooperation with CABI Bioscience UK. Published about two	255:257
at21	m_en_gbus0054460.014	at	"They should also wear adequate dress at the time of spraying. As farmers generally wear short dresses, liquid pesticides affect the body directly and cause problems like uneasy feeling, vomiting and even fainting, "" said agriculturist AKM Zakaria, joint director of Bogra RDA and coordinator of the research programme. RDA"	37:39
at22	m_en_gbus0054460.009	at	5 hurt as BCL rivals at RU lock in clash A group of Bangladesh Chhatra League activists chase opponents during an intra-party clash that followed a trivial matter on Rajshahi University campus yesterday. Photo: STARA RU Correspondent Five activists of Bangladesh Chhatra League (BCL) were injured in a factional clash	21:23
at23	m_en_gbus0054460.018	at	by 2011. In a related study conducted by the Japan International Cooperation Agency (JICA) in 2007-08, they ranked Bangladesh ahead of all other offshoring countries in Asia except India and China on software and IT services competencies. However, in terms of competitiveness Bangladesh ranked at the top. With such favourable assessments of the software and IT services industry here, it's no wonder that many global software and IT services companies are setting up their captive operations here and at the same time many local players are going global with their offerings	294:296
at24	m_en_gbus0054460.014	at	"Rise Sir Fazle Hasan Abed Sir Fazle Hasan AbedSyed Muazzem Ali NEW Year began well for Bangladesh. At the very outset, we got the good news that Her Majesty Queen Elizabeth II has decided to confer knighthood on Fazle Hasan Abed, the founder and Chairman of Bangladesh Rural Advancement Committee (Brac) for his outstanding contribution in "" tackling poverty and empowering the poor """	99:101
at25	m_en_gbus0054460.016	at	are direct products of our national independence, and Abed and Yunus surely have made the nation proud. Abed is a contemporary of my elder brother Shaukat. I met him for the first time in Pabna in early 1950s when he was studying in the senior grades at local Zilla School. He was residing with his uncle Rashidul Hasan, who was the district judge and my father Syed Mustafa Ali was the sub-divisional officer. Our families knew each other for decades and, fortunately, our official residences were located opposite each other.	251:253
at26	m_en_gbus0054460.014	at	mid-sixties, when I was in university and he had just returned from London as a chartered accountant and joined the famed Shell Oil Company. At that same time, my cousins A. S. Mahmud and Kaiser Zaman were working as executives at Shell, and my brother Shaukat was in Chittagong with Ispahani; thus they provided the connecting link. Then came the devastating cyclone of 1970 and altered Abed 's corporate lifestyle	141:143
at27	m_en_gbus0054460.009	at	Did not really expect such demeaning piece about an outstanding personality.. Two horrendous factual errors - New Year's honours list is prepared by the Government and not' decided' by the Queen and the Queen confers the honour (sometimes Prince Charles stands in for her) at the investiture ceremony, with the	273:275
at28	m_en_gbus0054460.009	at	Cultural activist Satyen Sen remembered Two-day programme by Satyen Sen Shilpi Songstha Satyen Sen Shilpi Songstha (SSSS) observed the 29th death anniversary of the noted litterateur, journalist and socio-cultural activist Satyen Sen (1907-1981) at the Central Shaheed Minar premises on January 4. The two-day long event, which included discussion and cultural programmes, ended yesterday. Born in Shonarong village of Munshiganj district, Satyen Sen was directly involved in the anti-Raj movement. He believed in the Marxist ideology and	246:248
at29	m_en_gbus0054460.009	at	"Federation Jhuna Chowdhury; General Secretary of Patho Natok Parishad Mizanur Rahman; General Secretary of Gano Sangeet Shilpi Shamonnoy Parishad Mahbubul Haidar Mohan; one of the founders of Udichi Kamrul Hasan Khan, General Secretary of SSSS Manzarul Islam Chowdhury and others participated in the discussion. At the cultural programme on the first day, artistes of SSSS performed two choruses "" Maro Jawan Haiyo "" and "" Din-ei Jodi Hosh Rey Kana "", written by Satyen Sen. A group recitation, tilted "" Chhappanno Hajar Borgomile "" -- originally written by Professor Humayun Azad --"	312:314
at30	m_en_gbus0054460.009	at	River cleanup takes off Targets 3,000 tonnes waste extraction in 3 months A man while dyeing cloths manually on the bank of Buriganga at Keraniganj watches the BIWTA drive to remove the garbage from the river yesterday. Manual dyers are mostly responsible for river pollution as they rampantly throw leftover chemicals into the water. Photo: Shafiqul Alam Staff Correspondent Several hundred locals in a colourful boat procession were chanting slogans	134:136
at31	m_en_gbus0054460.009	at	"of shore on both sides of the Buriganga. The BIWTA is supposed to dredge 3km from Babubazar ghat to Kamrangirchar Madrasa and another 1.5km in the river Turag from Tongi bazar area towards Gazipur. The projects are supposed to be completed in June 2011. At a discussion prior to the launching of the drive, Shahjahan Khan urged everyone to come forward and protect the rivers around the capital. He said the civil society must always remain vigilant. "" We need you to be on our side and monitor every step of the"	254:256
at32	at_3	at	"loss of thousands of crore taka. If we invest a few thousand crore for dredging and maintaining the rivers around the capital, we can earn many times more, "" Mahmud said. "" We have shifted from agro-based economy to industry-based economy but that can not happen at the cost of our rivers. "" Nur e Alam Chowdhury, chairman of the parliamentary standing committee on shipping ministry, emphasised the need for strengthening the BIWTA and also involving people. "" If people do not step forward, it is not possible to protect the"	263:265
at33	m_en_gbus0054460.009	at	"united to save the rivers, "" he said. Following the discussion at the BIWTA office at Sadarghat launch terminal, Shipping Minister Shahjahan Khan along with others went to the dredger by a boat where he opened the excavation work. Meanwhile, Bangladesh Environmental Lawyers Association yesterday demanded dumping of the sludge of Buriganga to the landfill sites of Matuail"	63:65
at34	m_en_gbus0054460.009	at	"said. But artists differed on the move to modify the logo designed by the late painter Quamrul Hassan. "" No-one should have the right to tamper with other's works. Why is it necessary to change the logo when it has become popular, both at home and abroad?? said Prof Hashem Khan, a noted painter. But Kazi Wahidul Alam, editor of aviation and tourism fortnightly The Bangladesh Monitor, said any logo has an impact.? There should be an element of motion in the Biman logo."	236:238
at35	m_en_gbus0054460.009	at	Tk 739cr projects to improve Ctg road network Vehicles get stuck in a gridlock at the GEC intersection on Tuesday.Photo: Zobaer Hossain SikderDwaipayan Barua Chittagong Development Authority (CDA) has taken several projects worth over Tk 739 crore to rid the city of gridlocks and develop road network in the port city in the wake of increasing number of vehicles as well	79:81
at36	m_en_gbus0054460.009	at	are located on the CDA Avenue. Vehicles from Patiya, Anwara, Banskhali, Lohagar Satkania, Bandarban, Cox's Bazar and Teknaf enter the city through the Bahodderhat intersection creating a serious traffic jam at the point. The traffic situation would be deteriorated after the inauguration of the 3rd Karnaphuli Bridge in the middle of this year. With increasing number of vehicles, traffic is becoming difficult since the total traffic system depends on the lone thoroughfare stretching from Kalurghat to	207:209
at37	m_en_gbus0054460.009	at	minutes here for intolerable congestion. It takes around one and half an hours to reach the office due to gridlock at different points, Mamun said. Commuters said with the construction of the Bahodderhat flyover, the traffic congestion will only be shifted to Muradpur, Sholoshahar and GEC. CDA Chairman Salam said,? To avert such a problem we have planned to build three other	115:117
at38	m_en_gbus0054460.009	at	"shakier. "" Ayatollah Montazeri (87) died on December 19, which is seen as a great loss to the Green Movement. At his funeral there were violent clashes between the green activists and the security forces. Internally, the Green Movement has put Ahmedinejad's regime under serious strain. On the external front, Ahmedinejad is staring in the face of tough US-led economic sanctions over Iran's nuclear"	110:112
at39	m_en_gbus0054460.024	at	current regime has to survive. If the Movement continues and hardens Khamenei may have to abandon Ahmedinejad for the sake of the Islamic Revolution. The exasperated Iranians want freedom. Over the past three decades the Ayatollahs, instead of relaxing their grip, have systematically gnawed at the freedom of people. People in all ages have fought for	292:294
at40	m_en_gbus0054460.009	at	Moitree man killed in BCL attack Jubo and Chhatra league cadres yesterday beat a Chhatra Moitree activist who went to RMCH to see a deceased Moitree leader, Rezanul Islam Chowdhury Sunny, killed in an attack by the BCL men at Rajshahi Polytechnic Institute earlier on the day. Inset, Sunny, vice-president of the institute unit of Moitree. PHOTO: STARStaff Correspondent, Rajshahi A leader of Chhatra Moitree of Rajshahi Polytechnic Institute unit was killed in an attack by Bangladesh Chhatra League (BCL) men	223:225
at41	m_en_gbus0054460.009	at	rushed to the spot and constables Shahidul Islam and Ashraf received mild cut injuries to their hands while they were trying to resist the attackers. Police rescued Sunny and Bulbul from a pool of blood and took them to RMCH. Soon afterwards Sunny was declared dead at RMCH, Zedu Sarker, the city BCL unit general secretary, claimed that Sunny's parents are leaders of AL and Sunny was also the city unit BCL member. But the city unit Chhatra Moitree claimed that Sunny was a vice-president of its Rajshahi Polytechnic Institute unit	266:268
at42	m_en_gbus0054460.014	at	. To establish the claim, a group of armed BCL and Jubo League men entered into the hospital when some Moitree workers were holding agitation protesting the killing. At one stage, a clash ensued between the two groups and it lasted for half an hour, leaving at least 10 people injured. Later, BCL men took control of the hospital and drove out the Moitree workers. Police said yesterday's attack was carried out	166:168
at43	m_en_gbus0054460.009	at	devastating blow-out in January 7 the same year.Photo: STARStaff Correspondent, Sylhet Tengratila Dabi Aday Bastobayon Parishad yesterday formed a human chain and held a rally in front of the central Shahid Minar in Sylhet city demanding payment of arrear compensation from Canadian company Niko for the blow-out at Tengratila Gas Field five years ago. As the foreign company was engaged in drilling a well, it exploded with a big bang in the night of January 7 in 2005, causing destruction to huge gas and leaving a trail of devastation in the surrounding area.	313:315
at44	m_en_gbus0054460.009	at	to realise' due arrear compensation' from the Canadian company, especially for the villagers around. They also demanded resumption of activities in the gas field and establishment of a 50 MW power plant at a nearby location. The two committees formed by the government after the incident mentioned that the explosion caused a loss of Tk 746 crore including Tk 85 crore environmental losses. But things have remained unsettled still. The foreign company did not even pay the total	203:205
at45	m_en_gbus0054460.009	at	said participants of the four-day fair -- Bangladesh International Industrial and Engineering Technology Tradeshow 2010, the first ever show of its kind. The fair co-organised by Bangladesh Engineering Industry Owners' Association (BEIOA) and ASK Trade and Exhibition Ltd, an Indian company, started at Bangabandhu International Conference Centre yesterday. Rahim Engineering Workshop, a Bagura-based light engineering company, come to the fair with its own innovation -- Bangla Car, a battery-run car with a capacity of 60 kilometres per hour. Mohammad Harun-or-Rashid Raju, chairman of the company	300:302
at46	m_en_gbus0054460.009	at	1,500 per inch. There are various new innovations that mainly cater to the garment industry and real estate. A total of 110 participants, including 23 overseas companies from India, China, Hong Kong, UK and Germany, are showcasing their products and services at the fair. Bangladesh's light engineering sector has flourished from almost nothing to a multi-crore taka business since independence in 1971. The sector's development mainly came about at an informal cottage status. The sector mainly involves three kinds of works -- making complete machinery	259:261
at47	m_en_gbus0054460.009	at	Owners, Workers Protest Extortion Gabtoli-Dhubaria bus service halted for 7 hrs Passenger buses lie idle at Ghior BN High School ground as bus owners and workers stopped plying of their vehicles on Gabtoli-Dhubaria Road for seven hours yesterday demanding an end to extortion and vandalism of transports. The agitation programme was later withdrawn as authorities assured them of proper action within a short time.Photo:	105:107
at48	m_en_gbus0054460.009	at	"contributing to the problem. The system of keeping gas supply to different industries suspended on different days a week will reduce the crisis, he said. Khalid said gas shortage in Dhaka could be resolved immediately if a compressor was installed at Ashuganj but it may take around two and a half years to complete the installation and other procedures if everything goes smoothly. "" We need to intervene in demand during winter to solve the problem before installing the compressor and increasing production, "" he said."	248:250
at49	m_en_gbus0054460.009	at	the benefits go to the general people. Similarly and simultaneously, make publicity as a part of motivational exercises on the proper use of gas at domestic households including various industrial establishments to avoid misuse and losses.: nasarullah We are facing very very critical problem about gas. Govt has nothing to do!: Aslam Comments It is sad that Mahajote government failed to anticiapte this. Where	145:147
at50	m_en_gbus0054460.009	at	ICC Cricket World Cup 2011 Trophy unveiling today Bangladesh Prime Minister, Sheikh Hasina holds an official meeting with ICC vice president and chairman of the central organising committee for the World Cup 2011, Sharad Pawar (R) and BCB president, AHM Mostafa Kamal at her official residence Jamuna yesterday. Photo: CourtesySports Reporter The trophy for the ICC World Cup 2011 will be unveiled today at the Bangabandhu International Convention Center following the meeting of the Central Organising Committee of the ICC World Cup. State-run Bangladesh Television will telecast the	268:270
slider_1	m_en_gbus0955160.020	slider	"certainty and security embedded in the V? xj? offer. Liam Reddox is a classic example of a tweener, what Lowetide calls a "" 4A "" player. He can hit minor league pitching out of the park, but has trouble with the curves, sliders, and splitters"	220:226
slider_2	slider_0	slider	mean, as far as I'm concerned it is his second best album but somebody has picked it and wants it to go out so fine. Let it go out. T-Rex The Slider I think that's pretty unequivocal, that is a fantastic record. Secret Wish by Propaganda. Well they only really made one record, all the others don't stack up against that. Iggy Pop The Idiot, it 's got' Nightclubbing' on it it	142:147
slider_3	m_en_gbus0955160.011	slider	they 're even serving up cheesesteak pizza! Joe: The brothers know what they 're doing. We 've been steadfastly staying to cheesesteaks only during our trips, although we 've stumbled a few times -- chips at Detzi's and Giacomo's, egg rolls and sliders at Michael's. Today's confession is this: Anthony made us eat homemade cannoli. He didn't even give us a choice, just plopped them on the table. I have one word about the dessert treat -- THUNK! We always make you wait until	245:251
slider_4	m_en_gbus0955160.020	slider	a combine 74.9% of the time to left-handed batters (64.7% 2-seam, 10.2% 4-Seam) and a whopping 82.1% of the time against righties (70.8% 2-seam, 11.3% 4-seam). Morton will use his breaking pitch (es) (it seems like Morton has eliminated his slider and just focused upon the curve, but it's not completely clear) a decent amount on 0-2 or 1-2 counts to both types of batters, but even on those counts more often than not Morton is coming with a fastball. Morton's Fastballs:	241:246
slider_5	m_en_gbus0955160.006	slider	if you change your mind, there's no obvious way to reduce either from this part of the interface. Instead, you need to click on the Adjust tab to perform more manual adjustments to your image. 10. Manual changes The Contrast and Saturation sliders may be near their maximum. You can drag them down to more acceptable levels.	240:246
slider_6	m_en_gbus0955160.011	slider	tapas-style menu of small plates is tasty but the tab can quickly add up. It would be a shame for a meal and drinks there to cost more than the room upstairs. That said, the beef sliders ($9) and crunchy shrimp dish ($8) should not be missed. The Spicy Pepino Margarita was also well worth the $13 price tag. My room went for an introductory rate of $149, or $179.47 with tax. After August, Yotel is looking	179:185
slider_7	m_en_gbus0955160.006	slider	this dinky, meaning that they can be accessed with a thumb press rather than requiring fingernail precision. We 've already mentioned the video record button. Ranged parallel to this is a two-setting slider switch for alternating between Smart Auto, the default scene and subject recognizing option for pure point and shoot operation, and Program auto, via which a greater range of hands on control including effects filters can be accessed. Usefully Canon has here given playback a separate button	200:205
slider_8	m_en_gbus0955160.020	slider	"career fizzled and he became a famous "" what-if. "" As Baseball America wrote after he dominated the minors at age 18 in 2004: "" It's difficult to project Hernandez's ceiling because his ability seems limitless. "" The Mariners prevented him from throwing his slider for several years to help prevent injury. I 'd say that worked out and his ceiling turned out to be pretty high. Scouts weren't sure if he 'd be able to stay at shortstop, but there was no denying his bat: He hit.327"	258:263
slider_9	m_en_gbus0955160.006	slider	the entire camera is the fish-eye effect mode. All it does is bowl out the middle of the frame distorting anything in the centre but it's great to take some close up self portraits. Another interesting feature is the Live View Control mode which brings up three sliders for adjusting the picture such as contrast, saturation and colour temperature. There are times when having a loud beep and whirr click to tell you a picture has been taken is not desirable, such as taking pictures of animals or if you 're in a library	262:268
slider_10	m_en_gbus0955160.020	slider	"room to check the strike zone of umpire Brian Runge. He knew the zone was wide. Two at-bats later, Hernandez opened with a slider inside. Runge called a strike. Davis steadied in the box. "" So when he threw that slider in, "" he recalled a few days later, "" I said, ' All right, let 's be ready to swing on the next pitch,"	123:128
slider_11	m_en_gbus0955160.006	slider	Her menu hews to the seasonal and sustainable ingredient trend, with signature items including the Berkshire pulled pork sandwich, braised in dark beer and molasses ($14); the big smokey clubhouse with smoked chicken and double-smoked bacon ($14); and the smoked rainbow trout sliders on mini egg buns ($12), these last two smoked in house in the kitchen's Cookshack SM160. They 're all served with hand-cut Yukon gold fries or onion straws. Other staples include stone oven -- baked pizzas ($15 -- 17) and traditional	277:283
slider_12	slider_1	slider	hour - every hour of every day. Coleen has secured a series of lucrative deals over recent years, including a modelling career, which has netted her? 3m for a two-year campaign for George at Asda,? 500,000 as the face of the LG Chocolate Slider phone in 2006,? 1.5m in a contract with Nike and a? 2m deal with retailer Littlewoods. New money: Wayne Rooney's outburst earlier this week As well as fronting Littlewood's Christmas television ads in 2010 she recently launched a women's clothing	238:243
slider_13	slider_2	slider	"the initial few missions are a cakewalk, the challenge ramps up quite quickly and this is where the real joy of Steel Diver sets in. It might sound tedious to have to constantly be adjusting all these sliders to reach your goal, but it's actually surprisingly satisfying to make minute angle and speed changes that result in close-call battle victories and near-miss wall collisions. The Mission mode is quite short unfortunately, only seven missions are included, and considering it's the "" meat"	201:207
slider_14	m_en_gbus0955160.006	slider	"balanced BlueShark, or the powerful yet slow Serpent. Controlling the subs is done using the Nintendo 3DS telescoping stylus on the lower touchpad. There is a slider for horizontal movement (reverse/forward), a slider for vertical depth (surface/dive), and in the two larger subs there's a pitch wheel that controls the angle of your vessel. Each submarine also has a "" Masker "" button that is used to pass by"	159:164
slider_15	m_en_gbus0955160.006	slider	fancy sounding features that seem to have been around forever but still aren't widely used, such as tessellation, ring buses, GPU physics and even multicard graphics. On a minor - related - note, hands up if you 've ever used the digital vibrance slider in your control panel. Thought not. All of which is not to say that Fusion and Sandy Bridge won't catch on. According to the roadmaps, it's going to be pretty hard to buy a CPU that doesn't have the graphics processor built	247:252
slider_16	slider_3	slider	"with that "" in the groove "" feeling that breeds confidence. The only place where Honda's corporate bean-counters have overruled the technical guys is in the braking department, where a pair of ridiculously 1970s twin-piston sliding callipers look totally out of place on the new-millenium Showa sliders. In all fairness, they worked fine on the launch ride, with more than adequate power and feel, but I would have reservations about them on a hard ride with a pillion and they would definitely fade after a long track session. The CBR600F"	295:301
slider_17	m_en_gbus0955160.006	slider	which are: having the ship be destroyed, or running out of Oxygen. What isn't explained is that both of these things happen very quickly on the first few attempted launches! To launch the ship you are required to tap the screen to stop an oscillating slider, hopefully catching it in the centre. Catching it too far to either side means that you launch with low Oxygen. Even launching with maximum Oxygen doesn't give you much flight time before the Teddy dies though! Initially, this was very frustrating, as if	251:256
slider_18	m_en_gbus0955160.006	slider	in your pocket. Connectivity wise, the Ace gives up little to top-end devices with microUSB and headphone sockets on the top edge, and for storage there's a microSD slot on the side. Both are covered, with the microUSB hidden behind a ridged plastic slider and the card slot by a softer plastic bung. You 'll get a 2GB card in the box, which is enough for plenty of apps and a few dozen albums. If you want to start loading you phone up with dozens of videos or hundreds albums,	250:255
slider_19	m_en_gbus0955160.020	slider	"almost never struck anyone out; you could see them coming from the awkward motion of his delivery. By 2010, he still hadn't learned to throw an effective curve ball, but nevertheless he continually used the curve ball in strikeout situations where the fastball or slider would have been the most obvious choice. But the Yankees wasted much of his strength in silly assignments such "" three inning limit starts, "" which helped Joba little, and"	264:269
slider_20	slider_4	slider	"and so on? That's a key question. Things like the IAB Rising Stars ad units are a boon to display participating in that consumer pursuit. One has only to spend an hour looking at the Billboards, Filmstrips, Portraits, Pushdowns, Sidekicks and Sliders to see the spark of engagement and creative opportunity. The list of "" big brands "" on board with the Rising Stars is long. And big brands play a big part in turning the tide on commoditization. Echoing the perils of what I have recently dubbed"	243:249
slider_21	m_en_gbus0955160.006	slider	5303ms Miren Browser 1.2 The Chinese-made Miren Browser is an odd little wildcard, offering a clean, Apple-inspired design that 's focused around a desktop-like tab system. It has some crazy options to play with, like its own in-built brightness setting slider, volume button page scrolling and a simple gesture navigation system. Miren was the slowest in the SunSpider test scores and not the best at manipulating pages via multi-touch zooming, but it has a nice floating icon system that puts back and stop/reload over the corners of	254:259
slider_22	m_en_gbus0955160.011	slider	"35C (95F) heat, cooking at three of New York's finest restaurants and preparing a three-course menu for some of the chefs who had mentored them during the series. His final meal for Torode and fellow judge Gregg Wallace involved a complex array of "" slider "" sandwiches, themed to a trio of cities"	250:255
slider_23	m_en_gbus0955160.006	slider	is all about the attention to detail and that makes a world of difference. The button on the front of the phone contains a light, which pulsates in a hypnotic like manner when the screen is locked. This button, as well as the camera and sliders on the sides of the phone are framed with a	237:243
slider_24	slider_5	slider	"declare that he likes comes to the Wings event -- six times and counting -- because "" you get to go in an airplane. "" Cancer made Emily blind from a very young age. Weybrecht recalled the 2007 event when the little girl practically attached herself to Slider, the Indians mascot,"	252:257
slider_25	m_en_gbus0955160.020	slider	the team's fifth starter, proving to be the perfect change-of-pace from the rest of the Mets' power-oriented rotation. As a pitcher, he was nearly the exact opposite of the other four pitchers, who worked almost invariably with either fastball -- curve or fastball -- slider combinations, the exceptions being Aguilera and Darling, who 'd also mix in splitters. But Ojeda? To say he worked fastball -- change would be a giant misnomer. Unlike most pitchers who rely on a change -- Tom Glavine, for example -- Ojeda didn't	268:273
slider_26	m_en_gbus0955160.006	slider	to using the analogue sticks of the N64 and Gamecube. First-person perspective takes great advantage of the handheld? s gyro sensor, allowing you to physically move the console around to better aim or see your surroundings. The novice may want to whack down the 3D slider in these instances, but you won? t want to use the Circle Pad to look around once you? ve experienced this. The touchscreen presents you with a map, along with instant menus for browsing items and gear. The corners of the bottom screen	265:270
slider_27	m_en_gbus0955160.006	slider	, and he 's been following Moore's law ever since. This love of technology continued through a number of university courses and crappy jobs until 2008, when his interests found a home at Gizmag. Also on the side-view image on their web site, the slider buttons seem to stick up quite a bit, likely to get caught on clothing? Wombat568th April, 2011 @ 6:11 p.m. (California Time) Ripoff. I saw one two years ago that someone had made from an old Swiss Army	246:251
slider_28	m_en_gbus0955160.006	slider	on this page. Stella Mwangi at the Euroclub Steve is more than likely ready to tell me what I 've done wrong, but the delight here is that it's very much an' everyman' shot with the N8. After some cropping, colour sliders tweaked (and a failure to have the red-eye effect work perfectly) this comes out, and is far better for uploading to the likes of Facebook and Twitter. And the original image is unaffected, so it can be worked on. Same shot, with	214:220
slider_29	m_en_gbus0955160.020	slider	2012 rolls around, don't bet against them, not least because the final will once again be played at their fortress. Best moment: Ashwin's classic dismissal of Gayle in the final, setting him up with two offbreaks, before nailing him with a slider. Worst moment: The hammering at Paul Valthaty's hands, which coincided with Chennai's only shoddy fielding performance of the season. Key player: Badrinath provided the crucial conduit between Chennai's play-makers in the top order and their game-breakers in the middle.	240:245
slider_30	m_en_gbus0955160.006	slider	search box, followed by five horizontal (widget sized) buttons, including the exit button. The search engine works well, with real-time filtering of results with every letter typed. Wikiquotes' search in action Wikiquotes is light on settings. There's a slider for font size, and a button to toggle whether a portrait QWERTY keyboard is used with the search box. The virtual keyboard is tiny on the regular 3.5 inch touch screens of recent Nokia models, though. Wikiquotes' portrait QWERTY keyboard and settings page	254:259
slider_31	m_en_gbus0955160.011	slider	burger taste every week. It helps us maintain our quality, and we can see if there's variation from week to week. Hey look, we make a really good wagyu grind, and it's really high-fat, and it's delicious, and I made sliders for my kids a couple weekends ago when we were in Vermont, skiing. How do you screw up a burger? MS: Some restaurant burgers are marked way ahead of time, and they let them sit there, and then they try and bring heat	216:222
slider_32	slider_1	slider	"XPERIA X10 mini pro successor leaks again, codenamed Mango The successor to the Sony Ericsson XPERIA X10 mini pro reminds us again of its existence through another leak. The diminutive QWERTY-side slider refreshes the specs of the original with new software, bigger screen and more powerful internals. We first saw the X10 mini pro successor (codenamed "" Mango "", possible real name Duo) break cover when it aced a couple of benchmarks, beating a Froyo-running"	197:202
slider_33	m_en_gbus0955160.011	slider	"Spuntino does offer more elaborate bun-based snacks -- stuffed, variously, with spicy mackerel, ground beef and bone marrow, and salt beef -- but these, Norman stresses, are "" sliders "" not burgers. "" A burger is a democratic food. It's a quick, affordable way of getting protein, fat and carbohydrate down you. I hate seeing the word' gourmet' tagged on to it. It's pretentious. "" Indeed,"	176:182
slider_34	m_en_gbus0955160.006	slider	image ) I had no problems finding and keeping the optimal angle to view visuals in 3D and experienced no eyestrain after hours of gameplay. Those that find full 3D visuals uncomfortable can switch down the intensity of the 3D effects or turn them off completely using a slider. It is a nifty technology, but it remains to be seen just how long the appeal endures. Controls and interface The interface you 're presented with when you fire up the 3DS for the first time is as clean, simple and intuitive as you 'd	270:275
slider_35	m_en_gbus0955160.006	slider	after sitting down with Nintendo to take Ocarina of Time for a test run, it was obvious that they were aiming to take full advantage of the shiny new features of the 3DS and incorporate them into the game as much as possible. Utilizing the 3D depth slider on the side of the handheld moves you from 2D to 3D in an instant, allowing you to control how strong you want your 3D Zelda experience to be. This is a feature that varies from game to game and is, of course, up to the	249:254
slider_36	m_en_gbus0955160.006	slider	the challenge department, either. Though its gradated 10-point slider would have you believe otherwise, the game features only two difficulty settings: ridiculously easy and abusively hard. On the lower side of the slider, player units have a seemingly inexhaustible amount of hit points; on the higher side, enemies are unfairly multitudinous and nigh	63:68
slider_37	m_en_gbus0955160.006	slider	to hold, and although it's constructed from plastic, the EasyCall doesn't feel cheap or flimsy. Both sides of the Telstra EasyCall are where things get interesting. The left side has large external volume keys that are easy to press, along with a slider switch that activates the built-in FM radio. Conveniently, the radio doesn't require the included headphones to work, and can be played though the EasyCall 2's speaker. On the right side is a switch that locks the phone to prevent accidental usage, along with	247:252
slider_38	m_en_gbus0955160.020	slider	for his meaningless rate stats. David Rollins (739) - Rollins is a junior college pitcher who pitches 88-91 mph from the left side, combined with a good slider and changeup for a solid three pitch mix, but his command isn't great. If he doesn't sign he will go to Lubbock Christian. He 's been drafted in each of the last three years but has obviously never signed. Justin Atkinson ( 799	153:158
slider_39	m_en_gbus0955160.009	slider	"underside of the asymmetrical roof without interruption. The "" cut out "" in the upper-level deck reveals the roof section and invites the master bedroom and bath to open to a private perch above the neighborhood. We used a combination of commercial aluminum storefront windows with residential sliders and doors to create a wall of glass with operable parts. The large window in the central"	294:300
slider_40	m_en_gbus0955160.020	slider	graph, showing how he's now throwing a pitch with a greater amount of sink. Figure 2 once again shows the difference in Morton's pitches this year as compared to last year. Morton has greatly decreased, if not eliminated, his use of his slider in favor of his curveball, and has added a rare cutter to his arsenal of pitches. But really, these other pitches are not very important: Morton relies nearly entirely on his	237:242
slider_41	m_en_gbus0955160.011	slider	that, the sky's the limit. And you have all summer to perfect your burger recipe and technique. The contest is open now and registration closes in mid-August. What's your motivation? Three lucky finalists will be chosen to participate in a cook-off and slider sampling at The Forks, where judges and tasters will decide who will win a deluxe four-burner barbecue, a five-piece outdoor patio set and a Granny's Poultry shopping spree valued at $200, a selection of Bothwell Cheese, plus a Granny's grilling set ( silicon oven	253:258
slider_42	m_en_gbus0955160.020	slider	Michael Pineda came in with one career start. He made it last week, in Texas. One start, and already all anyone wanted to talk about was the quality of his slider, and the quality of his changeup. He needs those offspeed pitches, we said. He needs those offspeed pitches if he wants to develop into an ace. One start, and I was already kind of dreading my postgame analysis, because I figured it would	156:161
slider_43	m_en_gbus0955160.006	slider	Large by using a slider. If you purchase the item online, you can feel confident that it will match your body's actual dimensions when it arrives. Apparel is not the only retail category that will be affected by this type of Internet marketing strategy. Two other simulation systems already	17:22
slider_44	m_en_gbus0955160.006	slider	"will accept the cookie. Once you do that, you can then go back and reset the privacy settings back to the way they were. The security settings can be found by clicking on Tools, Internet Options and then clicking on the Privacy tab and using the slider to set to the appropriate level. If you are wanting to keep your security settings on "" High "" or above you 're going to have to jump through a few hoops. Dell has taken this to a new level of irritating. On your computer"	246:251
slider_45	m_en_gbus0955160.006	slider	"to 1980. 2 ) Now see the big hump? That is the start of the boomers at 33yrs old. Keep your eye on that and move the slider until that hump hits roughly 65yrs old. 3 ) What year do you see on the slider? "" The obvious Australian version of this will be when baby boomers sell the stocks accumulated in their super funds. Who will provide the buying power to prop up"	117:122
slider_46	m_en_gbus0955160.020	slider	you head back to the dugout. Here's what McCutchen did: It's hard to defend that, really, but you can sort of understand it. McCutchen was annoyed at the second strike call, and then especially annoyed at himself for swinging at a slider in the dirt. The ball didn't get away that far, and after a player turns toward the dugout, he looks especially foolish when he makes a half-hearted attempt towards first after the catcher has the ball. Still, you have to run. And	231:236
slider_47	m_en_gbus0955160.006	slider	my battery fully charged?' question can be answered with a single glance, with no need to unlock the phone and check the on screen battery indicator. The right hand side of the device houses the volume keys, which surround the voice/mute key and keylock slider. The three keys have decent tactile feedback and stand out about a millimeter from the side of the device, making them easy to find by touch alone. The voice key, when pressed for a second or so, activates the voice recognition functionality, allowing	254:259
slider_48	m_en_gbus0955160.013	slider	is incorporated as a non-profit organization, but not yet registered to provide donors with tax-deductible receipts. As required by law, Schoen returns turtles that are native to Ontario to the area of the province where they were found. Because that's not possible for red-eared sliders, which are found naturally in the United States and Mexico, she has sent dozens to live on a privately-owned property with a man-made pond in Niagara-on-the-Lake. She has loaded dozens of other red-eared sliders in sweater boxes for a car trip to a pond in Toronto	280:286
slider_49	slider_6	slider	their jobs to corporate cut backs, or as teachers, firemen, and police lose their jobs to state tax cuts do individuals begin to realize that the policies of those they elected have boiled themselves in the end. June 6, 2011 at 9:54 pm slider Our Presidents number one priority is bankrupting our nation and turning into a socolist country. June 6, 2011 at 9:25 pm Shawna The spread of socialistic views threatens everything America stands for. We have been expecting the government to solve all our problems	236:241
slider_50	m_en_gbus0955160.006	slider	dial on top of the camera, three options for light, saturation and colour temperature will be displayed when you press the Function button in the middle of the navigation pad on the back. Side Front They 're not titled as such but the three slider scales have options at each end pertaining to the task they perform. For example, the first slider is for exposure and has the word Dark at one end and Light at the other. The saturation option in the middle has Neutral on	241:246
