identifier	lemma	sense_id	gloss
e_1	at	m_en_gbus0054460.009	expressing location or arrival in a particular place or position. they live at Conway House. she was constantly at the telex machine. they stopped at a small trattoria. she was constantly at the telex machine
e_2	at	m_en_gbus0054460.012	used in speech to indicate the sign @ in email addresses, separating the address holder's name from their location
e_3	at	m_en_gbus0054460.014	expressing the time when an event takes place. the children go to bed at nine o'clock. his death came at a time when the movement was split. he was defeated at the election of December 1910
e_4	at	m_en_gbus0054460.015	(followed by a noun without a determiner) denoting a particular period of time. denoting a particular period of time. the sea is cooler at night. the force landed at dawn
e_5	at	m_en_gbus0054460.016	(followed by a noun without a determiner) denoting the time spent by someone attending an educational institution or workplace. denoting the time spent by someone attending an educational institution, a workplace, or their home. it was at university that he first began to perform. we all need to get involved in fighting crime whether it's at work, at home, or at school
e_6	at	m_en_gbus0054460.018	denoting a particular point or level on a scale. denoting a particular point or segment on a scale. prices start at £18,500. prices start at $18,500. driving at 50 mph. learners of English at advanced levels
e_7	at	m_en_gbus0054460.019	referring to someone's age. at fourteen he began to work as a postman. at fourteen he began to work as a mailman
e_8	at	m_en_gbus0054460.021	expressing a particular state or condition. his ready smile put her at ease. they were at a disadvantage. placed them at a serious disadvantage. the coroner accepted that the machines were at fault
e_9	at	m_en_gbus0054460.022	expressing a relationship between an individual and a skill. boxing was the only sport I was any good at. she was getting much better at hiding her reactions. he is poor at giving instructions
e_10	at	m_en_gbus0054460.024	expressing the object of a look, thought, action, or plan. expressing the object of a look, gesture, thought, action, or plan. I looked at my watch. Leslie pointed at him. I was amazed at how well the hair kept its shape. policies aimed at reducing taxation
e_11	at	m_en_gbus0054460.025	expressing the target of a shot from a weapon. they tore down the main street, firing at anyone in sight
e_12	at	m_en_gbus0054460.026	expressing an incomplete or attempted action, typically involving repeated movements. emphasizing the directing of an action toward a specified object. she clutched at the thin gown. Shelley grabbed at his arm. he hit at her face with the gun
e_13	at	m_en_gbus0054460.028	expressing the means by which something is done. holding a prison officer at knifepoint. holding a corrections officer at knifepoint. her pride had taken a beating at his hands
e_14	at	m_en_gbus0054460.152	(in an online discussion, especially on Twitter) address (someone) in order to draw their attention to a comment or post, by using an @ symbol preceding their name. I see they've atted me demanding I follow back.
e_15	at	m_en_gbus0054470.006	a monetary unit of Laos, equal to one hundredth of a kip
e_93	slider	m_en_gbus0955160.006	a knob or lever that is moved horizontally or vertically to control a variable, such as the volume of a radio
e_94	slider	m_en_gbus0955160.009	a sliding door, especially one with a glass panel
e_95	slider	m_en_gbus0955160.011	a small burger or other hot sandwich made with a soft bun
e_96	slider	m_en_gbus0955160.041	a flat sandal without a back or toe, typically having a thick sole and worn as a slipper or beach shoe
e_97	slider	m_en_gbus0955160.013	a North American freshwater turtle with a red or yellow patch on the side of the head
e_98	slider	m_en_gbus0955160.020	a pitch that moves laterally as it nears home plate
e_99	slider	m_en_gbus0955160.026	(in south-western England) a structure or slope down which people can slide for pleasure; a slide. let's go down the slider!
